Process Name,Transaction ID,Start Time,End Time,Run Time,Remarks
,,,,,
,,,,,
,,,,,
,,,,,
,,,,,
,,,,,
,,,,,
,,,,,
,,,,,
,,,,,
,,,,,
,,,,,
,,,,,
,,,,,
,,,,,
,,,,,
,,,,,
,,,,,
,,,,,
,,,,,
,,,,,
,,,,,
,,,,,
,,,,,
,,,,,
,,,,,
,,,,,
,,,,,
,,,,,
,,,,,
,,,,,
,,,,,
,,,,,
,,,,,
,,,,,
,,,,,
,,,,,
,,,,,
,,,,,
,,,,,
,,,,,
,,,,,
,,,,,
,,,,,
,,,,,
,,,,,
,,,,,
,,,,,
,,,,,
,,,,,
,,,,,
,,,,,
,,,,,
,,,,,
,,,,,
,,,,,
,,,,,
,,,,,
,,,,,
,,,,,
,,,,,
,,,,,
,,,,,
,,,,,
,,,,,
,,,,,
,,,,,
,,,,,
,,,,,
,,,,,
,,,,,
,,,,,
,,,,,
,,,,,
,,,,,
,,,,,
,,,,,
,,,,,
,,,,,
,,,,,
,,,,,
,,,,,
,,,,,
,,,,,
,,,,,
,,,,,
,,,,,
,,,,,
,,,,,
,,,,,
,,,,,
,,,,,
,,,,,
,,,,,
,,,,,
,,,,,
,,,,,
,,,,,
,,,,,
,,,,,
,,,,,
,,,,,
,,,,,
,,,,,
,,,,,
,,,,,
,,,,,
,,,,,
,,,,,
,,,,,
,,,,,
,,,,,
,,,,,
,,,,,
,,,,,
,,,,,
,,,,,
,,,,,
,,,,,
,,,,,
,,,,,
,,,,,
,,,,,
,,,,,
,,,,,
,,,,,
,,,,,
,,,,,
,,,,,
,,,,,
,,,,,
,,,,,
,,,,,
,,,,,
,,,,,
,,,,,
,,,,,
,,,,,
,,,,,
,,,,,
,,,,,
,,,,,
,,,,,
,,,,,
,,,,,
,,,,,
,,,,,
,,,,,
,,,,,
,,,,,
,,,,,
,,,,,
,,,,,
,,,,,
,,,,,
,,,,,
,,,,,
,,,,,
,,,,,
,,,,,
,,,,,
,,,,,
,,,,,
,,,,,
,,,,,
,,,,,
,,,,,
,,,,,
,,,,,
,,,,,
,,,,,
,,,,,
,,,,,
,,,,,
,,,,,
,,,,,
,,,,,
,,,,,
Framework,Jomari,01/01/0001 00:00:00,01/01/0001 00:00:00,00:00:00,Successful
Framework,Jomari,01/01/0001 00:00:00,01/01/0001 00:00:00,00:00:00,Successful
Framework,Mali,01/01/0001 00:00:00,01/01/0001 00:00:00,00:00:00,Successful
Framework,Jomari,01/01/0001 00:00:00,01/01/0001 00:00:00,00:00:00,Successful
Framework,Mali,01/01/0001 00:00:00,01/01/0001 00:00:00,00:00:00,Successful
Framework,Joms,01/01/0001 00:00:00,01/01/0001 00:00:00,00:00:00,Successful
Framework,Jomari,01/29/2026 23:07:40,01/01/0001 00:00:00,-739644.23:07:40.5667563,Successful
Framework,Jomari,01/29/2026 23:07:40,01/01/0001 00:00:00,-739644.23:07:40.5667563,Successful
Framework,Mali,01/29/2026 23:07:41,01/01/0001 00:00:00,-739644.23:07:41.0874942,Successful
Framework,Jomari,01/29/2026 23:07:40,01/01/0001 00:00:00,-739644.23:07:40.5667563,Successful
Framework,Mali,01/29/2026 23:07:41,01/01/0001 00:00:00,-739644.23:07:41.0874942,Successful
Framework,Joms,01/29/2026 23:07:41,01/01/0001 00:00:00,-739644.23:07:41.4719523,Successful
Framework,Jomari,01/30/2026 00:35:54,01/01/0001 00:00:00,-739645.00:35:54.7679725,Successful
Framework,Jomari,01/30/2026 00:35:54,01/01/0001 00:00:00,-739645.00:35:54.7679725,Successful
Framework,Mali,01/30/2026 00:35:55,01/01/0001 00:00:00,-739645.00:35:55.1759239,Successful
Framework,Jomari,01/30/2026 00:35:54,01/01/0001 00:00:00,-739645.00:35:54.7679725,Successful
Framework,Mali,01/30/2026 00:35:55,01/01/0001 00:00:00,-739645.00:35:55.1759239,Successful
Framework,Joms,01/30/2026 00:35:55,01/01/0001 00:00:00,-739645.00:35:55.2565007,Successful
Framework,Jomari,01/30/2026 00:45:15,01/01/0001 00:00:00,-739645.00:45:15.4124919,Successful
Framework,Jomari,01/30/2026 00:45:15,01/01/0001 00:00:00,-739645.00:45:15.4124919,Successful
Framework,Mali,01/30/2026 00:45:24,01/01/0001 00:00:00,-739645.00:45:24.1399901,Successful
Framework,Jomari,01/30/2026 00:45:15,01/01/0001 00:00:00,-739645.00:45:15.4124919,Successful
Framework,Mali,01/30/2026 00:45:24,01/01/0001 00:00:00,-739645.00:45:24.1399901,Successful
Framework,Joms,01/30/2026 00:45:24,01/01/0001 00:00:00,-739645.00:45:24.4552531,Successful
Framework,Jomari,01/30/2026 00:47:23,01/01/0001 00:00:00,-739645.00:47:23.2900784,Successful
Framework,Jomari,01/30/2026 00:47:23,01/01/0001 00:00:00,-739645.00:47:23.2900784,Successful
Framework,Mali,01/30/2026 00:47:23,01/01/0001 00:00:00,-739645.00:47:23.6852175,Successful
Framework,Jomari,01/30/2026 00:47:23,01/01/0001 00:00:00,-739645.00:47:23.2900784,Successful
Framework,Mali,01/30/2026 00:47:23,01/01/0001 00:00:00,-739645.00:47:23.6852175,Successful
Framework,Joms,01/30/2026 00:47:23,01/01/0001 00:00:00,-739645.00:47:23.7586089,Successful
Framework,Jomari,01/30/2026 00:48:33,01/01/0001 00:00:00,-739645.00:48:33.8882127,Successful
Framework,Jomari,01/30/2026 00:48:33,01/01/0001 00:00:00,-739645.00:48:33.8882127,Successful
Framework,Mali,01/30/2026 00:48:34,01/01/0001 00:00:00,-739645.00:48:34.1744215,Successful
Framework,Jomari,01/30/2026 00:48:33,01/01/0001 00:00:00,-739645.00:48:33.8882127,Successful
Framework,Mali,01/30/2026 00:48:34,01/01/0001 00:00:00,-739645.00:48:34.1744215,Successful
Framework,Joms,01/30/2026 00:48:34,01/01/0001 00:00:00,-739645.00:48:34.2393439,Successful
Framework,Jomari,01/30/2026 00:50:56,01/01/0001 00:00:00,-739645.00:50:56.3639746,Successful
Framework,Jomari,01/30/2026 00:50:56,01/01/0001 00:00:00,-739645.00:50:56.3639746,Successful
Framework,ASD,01/30/2026 00:50:56,01/01/0001 00:00:00,-739645.00:50:56.7130726,Successful
Framework,Jomari,01/30/2026 00:50:56,01/01/0001 00:00:00,-739645.00:50:56.3639746,Successful
Framework,ASD,01/30/2026 00:50:56,01/01/0001 00:00:00,-739645.00:50:56.7130726,Successful
Framework,ADS,01/30/2026 00:50:56,01/01/0001 00:00:00,-739645.00:50:56.7785787,Successful
Framework,Jomari,01/30/2026 00:51:39,01/01/0001 00:00:00,-739645.00:51:39.8309620,Successful
Framework,Jomari,01/30/2026 00:51:39,01/01/0001 00:00:00,-739645.00:51:39.8309620,Successful
Framework,ASD,01/30/2026 00:51:48,01/01/0001 00:00:00,-739645.00:51:48.9004249,Successful
Framework,Jomari,01/30/2026 00:51:39,01/01/0001 00:00:00,-739645.00:51:39.8309620,Successful
Framework,ASD,01/30/2026 00:51:48,01/01/0001 00:00:00,-739645.00:51:48.9004249,Successful
Framework,ADS,01/30/2026 00:51:49,01/01/0001 00:00:00,-739645.00:51:49.1426378,Successful
Framework,Jomari,01/30/2026 00:53:35,01/01/0001 00:00:00,-739645.00:53:35.2031108,Successful
Framework,Jomari,01/30/2026 00:53:35,01/01/0001 00:00:00,-739645.00:53:35.2031108,Successful
Framework,ASD,01/30/2026 00:53:35,01/01/0001 00:00:00,-739645.00:53:35.5048016,Successful
Framework,Jomari,01/30/2026 00:53:35,01/01/0001 00:00:00,-739645.00:53:35.2031108,Successful
Framework,ASD,01/30/2026 00:53:35,01/01/0001 00:00:00,-739645.00:53:35.5048016,Successful
Framework,ADS,01/30/2026 00:53:35,01/01/0001 00:00:00,-739645.00:53:35.5899103,Successful
Framework,Jomari,01/30/2026 00:55:27,01/01/0001 00:00:00,-739645.00:55:27.8745601,Successful
Framework,Jomari,01/30/2026 00:55:27,01/01/0001 00:00:00,-739645.00:55:27.8745601,Successful
Framework,ASD,01/30/2026 00:55:28,01/01/0001 00:00:00,-739645.00:55:28.1582847,Successful
Framework,Jomari,01/30/2026 00:55:27,01/01/0001 00:00:00,-739645.00:55:27.8745601,Successful
Framework,ASD,01/30/2026 00:55:28,01/01/0001 00:00:00,-739645.00:55:28.1582847,Successful
Framework,ADS,01/30/2026 00:55:28,01/01/0001 00:00:00,-739645.00:55:28.2232889,Successful
Framework,Jomari,01/30/2026 01:21:03,01/01/0001 00:00:00,-739645.01:21:03.1323373,Successful
Framework,Jomari,01/30/2026 01:21:03,01/01/0001 00:00:00,-739645.01:21:03.1323373,Successful
Framework,ASD,01/30/2026 01:21:18,01/01/0001 00:00:00,-739645.01:21:18.2326721,Successful
Framework,Jomari,01/30/2026 01:21:03,01/01/0001 00:00:00,-739645.01:21:03.1323373,Successful
Framework,ASD,01/30/2026 01:21:18,01/01/0001 00:00:00,-739645.01:21:18.2326721,Successful
Framework,ADS,01/30/2026 01:21:18,01/01/0001 00:00:00,-739645.01:21:18.4680328,Successful
Framework,Jomari,01/30/2026 01:43:53,01/01/0001 00:00:00,-739645.01:43:53.1533371,Successful
Framework,Jomari,01/30/2026 01:43:53,01/01/0001 00:00:00,-739645.01:43:53.1533371,Successful
Framework,ASD,01/30/2026 01:44:07,01/01/0001 00:00:00,-739645.01:44:07.0547030,Successful
Framework,Jomari,01/30/2026 01:43:53,01/01/0001 00:00:00,-739645.01:43:53.1533371,Successful
Framework,ASD,01/30/2026 01:44:07,01/01/0001 00:00:00,-739645.01:44:07.0547030,Successful
Framework,ADS,01/30/2026 01:44:07,01/01/0001 00:00:00,-739645.01:44:07.2869024,Successful
Framework,Jomari,01/30/2026 01:46:31,01/01/0001 00:00:00,-739645.01:46:31.5446142,Successful
Framework,Jomari,01/30/2026 01:46:31,01/01/0001 00:00:00,-739645.01:46:31.5446142,Successful
Framework,ASD,01/30/2026 01:46:31,01/01/0001 00:00:00,-739645.01:46:31.8944100,Successful
Framework,Jomari,01/30/2026 01:46:31,01/01/0001 00:00:00,-739645.01:46:31.5446142,Successful
Framework,ASD,01/30/2026 01:46:31,01/01/0001 00:00:00,-739645.01:46:31.8944100,Successful
Framework,ADS,01/30/2026 01:46:31,01/01/0001 00:00:00,-739645.01:46:31.9710717,Successful
Framework,Jomari,01/30/2026 01:47:25,01/01/0001 00:00:00,-739645.01:47:25.8375096,Successful
Framework,Jomari,01/30/2026 01:47:25,01/01/0001 00:00:00,-739645.01:47:25.8375096,Successful
Framework,ASD,01/30/2026 01:47:26,01/01/0001 00:00:00,-739645.01:47:26.1325966,Successful
Framework,Jomari,01/30/2026 01:47:25,01/01/0001 00:00:00,-739645.01:47:25.8375096,Successful
Framework,ASD,01/30/2026 01:47:26,01/01/0001 00:00:00,-739645.01:47:26.1325966,Successful
Framework,ADS,01/30/2026 01:47:26,01/01/0001 00:00:00,-739645.01:47:26.2036586,Successful
Framework,Jomari,01/30/2026 01:50:18,01/01/0001 00:00:00,-739645.01:50:18.5718555,Successful
Framework,Jomari,01/30/2026 01:50:18,01/01/0001 00:00:00,-739645.01:50:18.5718555,Successful
Framework,ASD,01/30/2026 01:50:18,01/01/0001 00:00:00,-739645.01:50:18.8824664,Successful
Framework,Jomari,01/30/2026 01:50:18,01/01/0001 00:00:00,-739645.01:50:18.5718555,Successful
Framework,ASD,01/30/2026 01:50:18,01/01/0001 00:00:00,-739645.01:50:18.8824664,Successful
Framework,ADS,01/30/2026 01:50:18,01/01/0001 00:00:00,-739645.01:50:18.9510216,Successful
Framework,Jomari,01/30/2026 13:29:49,01/01/0001 00:00:00,-739645.13:29:49.1566907,Successful
Framework,Jomari,01/30/2026 13:29:49,01/01/0001 00:00:00,-739645.13:29:49.1566907,Successful
Framework,ASD,01/30/2026 13:29:49,01/01/0001 00:00:00,-739645.13:29:49.8114889,Successful
Framework,Jomari,01/30/2026 13:29:49,01/01/0001 00:00:00,-739645.13:29:49.1566907,Successful
Framework,ASD,01/30/2026 13:29:49,01/01/0001 00:00:00,-739645.13:29:49.8114889,Successful
Framework,ADS,01/30/2026 13:29:49,01/01/0001 00:00:00,-739645.13:29:49.8911685,Successful
Framework,Jomari,02/16/2026 12:59:42,01/01/0001 00:00:00,-739662.12:59:42.1271254,Successful
Framework,Jomari,02/16/2026 12:59:42,01/01/0001 00:00:00,-739662.12:59:42.1271254,Successful
Framework,ASD,02/16/2026 12:59:54,01/01/0001 00:00:00,-739662.12:59:54.6752481,Successful
Framework,Jomari,02/16/2026 12:59:42,01/01/0001 00:00:00,-739662.12:59:42.1271254,Successful
Framework,ASD,02/16/2026 12:59:54,01/01/0001 00:00:00,-739662.12:59:54.6752481,Successful
Framework,ADS,02/16/2026 12:59:54,01/01/0001 00:00:00,-739662.12:59:54.9111301,Successful
Framework,Jomari,02/16/2026 13:16:06,01/01/0001 00:00:00,-739662.13:16:06.5055072,Successful
Framework,Jomari,02/16/2026 13:16:06,01/01/0001 00:00:00,-739662.13:16:06.5055072,Successful
Framework,ASD,02/16/2026 13:16:07,01/01/0001 00:00:00,-739662.13:16:07.0568295,Successful
